arts-and-entertainment-websites	https://webflow.com/templates/html/framehaus-website-template	https://framehaus.webflow.io/		
arts-and-entertainment-websites	https://webflow.com/templates/html/ancestra-website-template	https://ancestra-128.webflow.io/		
blog-and-editorial-websites	https://webflow.com/templates/html/averint-website-template	https://averint.webflow.io/		in the Averint Webflow Template | Home Pages | Home One | Home Two | Home Three | Company & Core Pages | About us | Pricing | Team | Career | FAQ | Services & Projects | Service | Service Details | Case Study | Case Studies Details | Blog & Resources | Blog One | Blog Two | Blog Three | Blog Posts | Contact & Support | Contact One | Contact Two | Contact Three | Utility & System | 404 | Password Protected | Style Guide | License | Changelog | Subcategories | Business & Finance Blog | Consulting & Coaching | Styles | Corporate | Modern | Web fonts | Responsive slider | Background video
arts-and-entertainment-websites	https://webflow.com/templates/html/filmax-video-website-template	https://filmax.webflow.io/		
blog-and-editorial-websites	https://webflow.com/templates/html/mnc-website-template	https://mnc-tnc.webflow.io/		Static pages | Home | About Us | Blog | Contact Us | Investors | Pricing | Solutions | Sustainability | CMS collection templates | Blog template | Blog Category template | Solution template | Section folders | Investor | Story | Utility | Utility pages | 404 | What the CMS gives you | Solutions are organised by sector | The contact form has a topic selector | What this template does not do
arts-and-entertainment-websites	https://webflow.com/templates/html/cinemaflow-website-template	https://cinemaflowtemplate.webflow.io/		
blog-and-editorial-websites	https://webflow.com/templates/html/neurex-website-template	https://neurex.webflow.io/		
arts-and-entertainment-websites	https://webflow.com/templates/html/artivo-website-template	https://artivo-collection.webflow.io/		Home | About | Gallery (CMS) | Artwork Details (CMS) | Exhibitions (CMS) | Exhibition Details (CMS) | Blog / Journal (CMS) | Blog Post Details (CMS) | Contact | Utility Pages: | Style Guide | License | Changelog | 404 Not Found | Who Is This Template For? | Artivo Collection is ideal for: | Art galleries & museums | Exhibition spaces | Curators & creative institutions | Cultural organizations | Art-focused editorial platforms | Get Started | Subcategories | Gallery & Museum | Art & Design Blog | Styles | Minimal | Modern | Web fonts | Responsive slider | Responsive navigation | Retina ready | Custom 404 page | GSAP | CSS Grid | Content manag
blog-and-editorial-websites	https://webflow.com/templates/html/wordcraft-website-template	https://wordcrafts.webflow.io/		
blog-and-editorial-websites	https://webflow.com/templates/html/artivo-website-template	https://artivo-collection.webflow.io/		Home | About | Gallery (CMS) | Artwork Details (CMS) | Exhibitions (CMS) | Exhibition Details (CMS) | Blog / Journal (CMS) | Blog Post Details (CMS) | Contact | Utility Pages: | Style Guide | License | Changelog | 404 Not Found | Who Is This Template For? | Artivo Collection is ideal for: | Art galleries & museums | Exhibition spaces | Curators & creative institutions | Cultural organizations | Art-focused editorial platforms | Get Started | Subcategories | Gallery & Museum | Art & Design Blog | Styles | Minimal | Modern | Web fonts | Responsive slider | Responsive navigation | Retina ready | Custom 404 page | GSAP | CSS Grid | Content manag
community-and-nonprofit-websites	https://webflow.com/templates/html/bobolobo-website-template	https://bobolobo.webflow.io/		
community-and-nonprofit-websites	https://webflow.com/templates/html/harbour-website-template	https://harbour-nonprofit.webflow.io/		
documentation-websites	https://webflow.com/templates/html/notate-website-template	https://notate-template.webflow.io/		
community-and-nonprofit-websites	https://webflow.com/templates/html/juristiq-website-template	https://juristiq-wcopilot.webflow.io/		
documentation-websites	https://webflow.com/templates/html/flowitall-help-center-website-template	https://flowitall.webflow.io/		
community-and-nonprofit-websites	https://webflow.com/templates/html/ancestra-website-template	https://ancestra-128.webflow.io/		
community-and-nonprofit-websites	https://webflow.com/templates/html/onearth-website-template	https://onearth-conservation.webflow.io/		
documentation-websites	https://webflow.com/templates/html/knowledgehub-x-help-center-website-template	https://knowledgehubtemplate.webflow.io/		
documentation-websites	https://webflow.com/templates/html/flowguide-website-template	https://flowguide.webflow.io/		
education-websites	https://webflow.com/templates/html/bobolobo-website-template	https://bobolobo.webflow.io/		
documentation-websites	https://webflow.com/templates/html/bytefix-template-website-template	https://bytefix.webflow.io/		
education-websites	https://webflow.com/templates/html/e-lab-website-template	https://e-lab-courses.webflow.io/		
education-websites	https://webflow.com/templates/html/skillfunnel-website-template	https://skillfunnel.webflow.io/		- Prebuilt Landing Page (VSL) | - Thank You Page | - 404 Page | - Style Guide Page | Perfect For | Why Choose Skillfunnel | SEO & S
environment-websites	https://webflow.com/templates/html/helios-website-template	https://helios-template.webflow.io/		
education-websites	https://webflow.com/templates/html/leadclass-website-template	https://leadclass.webflow.io/		
environment-websites	https://webflow.com/templates/html/evermind-website-template	https://evermind-template.webflow.io/		
education-websites	https://webflow.com/templates/html/edefy-website-template	https://edefy-charity.webflow.io/		
environment-websites	https://webflow.com/templates/html/lifecycle-website-template	https://lifecycle-consulting-webflow-template.webflow.io/		
environment-websites	https://webflow.com/templates/html/onearth-website-template	https://onearth-conservation.webflow.io/		
food-and-drink-websites	https://webflow.com/templates/html/verdentix-website-template	https://verdentix.webflow.io/		
environment-websites	https://webflow.com/templates/html/avenora-website-template	https://avenora.webflow.io/		(SEO Structured) | Home (SEO landing page optimized) | About Us | Tours (CMS listing page) | Tour Details (SEO dynamic page) | Destinations (CMS listing page) | Blog (SEO traffic builder) | Blog Details | Contact | 404 Page | Style Guide | 🔍 Advanced SEO Optimization System | 🎯 Primary Keywords Target: | Travel Webflow template | Tour booking website template | Tourism agency website design | Travel agency website template | Holiday package website template | 🎯 Long Tail Keywords Target: | Luxury tour booking website design | Destination guide website template | Adventure travel website Webflow | Travel agency CMS website template | ⚙️ Technical SEO Features: | Proper H1–H6 heading hierarchy | Keyword optimized CMS slugs | SEO meta title & description ready | Image ALT text optimization | Fast loading speed optimized | Mobile-first responsive design | Clean URL structure for Google indexing | 🎨 Easy Customization (No Code Needed) | Logo, colors & branding | Tour packages & pricing | Destination content | CMS pages editing | Blog & SEO content update | Images & banners | Forms & booking system | CTA buttons & layouts
food-and-drink-websites	https://webflow.com/templates/html/zesty-website-template	https://zesty-template.webflow.io/		
food-and-drink-websites	https://webflow.com/templates/html/tanigro-website-template	https://tanigro.webflow.io/		: | Home (3 layouts) | About (3 layouts) | Services (3 layouts) | Single Service (CMS) | Contact | 404 Error | Password Protected | Style Guide | Changelog | Licenses | kahadestudio@gmail.com | Subcategories | Sustainability | Agriculture | Styles | Corporate | Light | Modern | Background video | CSS Grid | Components | Content management system | Custom 404 page | Forms | Interactions | Responsive design | Responsive navigation | Site
government-websites	https://webflow.com/templates/html/nursingcare-health-website-template	https://nursing-care-wbs.webflow.io/		in Nursing Care Webflow Template: | Home | Home 2 | About | Services | Service Static | Blog (CMS) | Nurses (CMS) | Volunteering | Event (CMS) | FAQs | Stories | Contact | Privacy Policy | Style Guide | Instructions | Licenses | Subcategories | Doctor | Hospital | Public services | Styles | Playful | Corporate | Web fonts | Responsive slider | Responsive navigation | Retina ready | Custom 404 page | Components | Media lightbox
food-and-drink-websites	https://webflow.com/templates/html/locallisting-x-directory-website-template	https://locallistingtemplate.webflow.io/		
government-websites	https://webflow.com/templates/html/veltom-website-template	https://veltom.webflow.io/		in the Veltom Template | Project Demos | 13+ Industry-Specific Homepages | Corporate Core | About Us | Leadership Team | Careers & Culture | FAQ | Capabilities & Case Studies | Services Overview | Service Details (Technical Specs) | Project Archive | Project Details (Case Study CMS) | Industry Insights | News & Media | Detailed Articles (CMS) | Inquiry & Conversion | Contact & Location | Request a Quote | Service Pricing | System Resources | Technical Style Guide | Licensing | Version Log | 404 & Secure Access | Subcategories | Transportation & Logistics | Public services | Styles | Corporate | Modern | Web fonts | Responsive slider | Background video | Responsive navigation | Retina ready | Custom 404 page | Media lightbox | CSS Grid | Content management system
food-and-drink-websites	https://webflow.com/templates/html/stone-sip-website-template	https://stone-sip-roaster.webflow.io/		
government-websites	https://webflow.com/templates/html/municipal128-political-website-template	https://municipal-128.webflow.io/		
government-websites	https://webflow.com/templates/html/civitas-website-template	https://civitas-wcopilot.webflow.io/		
hair-and-beauty-websites	https://webflow.com/templates/html/orlance-skincare-website-template	https://orlance.webflow.io/		
government-websites	https://webflow.com/templates/html/street-care-website-template	https://street-care-wcopilot.webflow.io/		
hair-and-beauty-websites	https://webflow.com/templates/html/ignatiusschool-school-website-template	https://ignatius-school.webflow.io/		
hair-and-beauty-websites	https://webflow.com/templates/html/femme-website-template	https://femme-128.webflow.io/		
home-services-websites	https://webflow.com/templates/html/manufactt-website-template	https://manufactt-wbs.webflow.io/		
hair-and-beauty-websites	https://webflow.com/templates/html/luxo128-massage-website-template	https://luxo-128.webflow.io/		
home-services-websites	https://webflow.com/templates/html/roofex-website-template	https://roofex.webflow.io/		
hair-and-beauty-websites	https://webflow.com/templates/html/petgrooming-pets-website-template	https://template-pet-grooming.webflow.io/		
home-services-websites	https://webflow.com/templates/html/pody-website-template	https://pody-wcopilot.webflow.io/		
home-services-websites	https://webflow.com/templates/html/helios-website-template	https://helios-template.webflow.io/		
home-services-websites	https://webflow.com/templates/html/linoxa-website-template	https://linoxa.webflow.io/		
hr-and-hiring-websites	https://webflow.com/templates/html/people-work-website-template	https://people-work-webflow-108-template.webflow.io/		
hr-and-hiring-websites	https://webflow.com/templates/html/humace-website-template	https://humace.webflow.io/		🏠 Home | 📄 About | 🛠 Services | 📋 Service Details | 💼 Jobs / Careers | 📄 Job Details | 📰 Blog | 📄 Blog Details | 📞 Contact | 🔧 Fully Customizable & Easy to Use | 🌟 Why Choose Humace Webflow Template? | ✔ Professional and modern design style | ✔ Conversion-focused layouts | ✔ Easy customization with Webflow | 📞 Support & Assistance | Subcategories | Resume & CV | Job Portal | Styles | Corporate | Modern | Web fonts | Responsive slider | Responsive navigation | Retina ready
launch-and-coming-soon-websites	https://webflow.com/templates/html/miurani-website-template	https://miurani.webflow.io/		
hr-and-hiring-websites	https://webflow.com/templates/html/sprkles-website-template	https://sparkles-template.webflow.io/		
launch-and-coming-soon-websites	https://webflow.com/templates/html/flowrixa-website-template	https://flowrixa.webflow.io/		📄 Home | 📄 About | 📄 Features | 📄 Pricing | 📄 Blog + Blog Detail (CMS) | 📄 Career | 📄 Contact Us | 📄 Style Guide | 📄 Licenses | 📄 Instructions | 📄 Changelog | 📄 404 | ───────────────────────── | ✦ Key Features | ⚡ Modern AI automation design | ⚡ Fully responsive across all devices | ⚡ CMS-powered blog | ⚡ Clean, reusable components | ⚡ Easy-to-customize layouts | ⚡ Optimized for performance | ⚡ Figma file included | ───────────────────────── | ✦ Perfect For | 🎯 AI automation platforms | 🎯 AI SaaS startups | 🎯 Workflow automation software | 🎯 Business automation tools | 🎯 Productivity platforms | 🎯 B2B SaaS businesses | 🎯 Technology companies | ───────────────────────── | ✦ Built for Smarter Automation | ───────────────────────── | ✦ Support | 🌐 www.prospace.studio | 📧 hello@prospace.studio
hr-and-hiring-websites	https://webflow.com/templates/html/linkrow-website-template	https://linkrow-128.webflow.io/		
launch-and-coming-soon-websites	https://webflow.com/templates/html/flowtica-website-template	https://flowtica-template.webflow.io/		Home | About Us | Pricing (+ Pricing Single) | Integration | Blogs (+ Blog Single) | Contact Us | Wishlist | Privacy Policy | Style Guide | Licenses | Changelog | Instructions | 404 | Perfect For | Customization Available | 📩 Contact: zorionstudio@gmail.com | Subcategories | Software & SaaS | AI | Styles | Dark | Modern | GSAP | CSS Grid | Forms | Interactions | Similar templates | Browse all | More by Zorion Studio | All templates by Zorion Studio | Explore | Dashboard | Marketplace | Designers | Learn & get help | Support | University | Courses | Blog | Ebooks
hr-and-hiring-websites	https://webflow.com/templates/html/hired-128-recruitment-website-template	https://hired-128.webflow.io/		
launch-and-coming-soon-websites	https://webflow.com/templates/html/cortexa-website-template	https://cortexa-agent.webflow.io/		
launch-and-coming-soon-websites	https://webflow.com/templates/html/appe-io-website-template	https://appe-io.webflow.io/		
medical-websites	https://webflow.com/templates/html/athelas-website-template	https://athelas-template.webflow.io/		
medical-websites	https://webflow.com/templates/html/healen-website-template	https://healen.webflow.io/		Home v1 | Home v2 | Home v3 | About v1 | About v2 | About v3 | Blogs | Service v1 | Service v2 | Service v3 | Doctors | Password | Terms | Privacy | Service Details | Blog Details | Doctor Details | Style Guide | License | Changelog | 404 | Ideal For | Hospitals and medical centers | Clinics and healthcare providers | Maternity and pregnancy care services | Doctors and medical professionals | Health checkup and diagnostic centers | Private healthcare practices | Subcategories | Health & Nutrition | Hospital | Styles | Minimal | Modern | 3D transforms | Background video | CSS Grid | Components | Content management system | Custom 404 page
music-and-audio-websites	https://webflow.com/templates/html/fyrre-magazine-website-template	https://fyrre.webflow.io/		
medical-websites	https://webflow.com/templates/html/heltro-website-template	https://heltro.webflow.io/		in the Heltro Template | Home Pages | Home One | Home Two | Home Three | Important Pages | About Us | Our Team (CMS) | Career | FAQ | Clinical Services | Services (Overview) | Service Details (CMS) | Patient Resources | Blog (Education Center) | Blog Post (CMS) | Pricing & Insurance | Contact & Booking | Contact | System & Utility | Style Guide | License | Changelog | 404 / Password Protected | Subcategories | Clinic & Pharmacy | Hospital | Styles | Light | Minimal | Web fonts | Responsive slider | Responsive navigation | Retina ready | Custom 404 page | Media lightbox | CSS Grid | Content management system | Responsive design | Forms
music-and-audio-websites	https://webflow.com/templates/html/westones-website-template	https://westones.webflow.io/		
medical-websites	https://webflow.com/templates/html/dermato-website-template	https://dermato-wbs.webflow.io/		
music-and-audio-websites	https://webflow.com/templates/html/soultrane-website-template	https://soul-trane.webflow.io/		
medical-websites	https://webflow.com/templates/html/longevity-website-template	https://longevitytemplate.webflow.io/		
music-and-audio-websites	https://webflow.com/templates/html/sonicdrive-music-website-template	https://sonicdrive-music.webflow.io/		
music-and-audio-websites	https://webflow.com/templates/html/sofiasound-website-template	https://sofiasound.webflow.io/		
personal-websites	https://webflow.com/templates/html/reels-website-template	https://reels-wbs.webflow.io/		
personal-websites	https://webflow.com/templates/html/ethand-website-template	https://ethan-d.webflow.io/		
portfolio-and-agency-websites	https://webflow.com/templates/html/meridian-website-template	https://meridian-wf-template.webflow.io/		Home | Services | Operations Audit | Systems Design | Organizational Alignment | The Growth Playbook Download | Pricing | Case Studies | Case Study Post (CMS Template) | About | Team Member (CMS Template) | Blog | Blog Category (CMS Template) | Blog Post (CMS Template) | Contact | Privacy Policy | Template Pages | Style Guide | Components | Instructions | GSAP Guide | Licenses | Password | 404 | CMS Collections | Meridian is perfect for | 🏢 Operations consulting firms | 💼 Professional service businesses | 📈 Mid-market service providers | Ready to use assets | Getting started | Meridian Template Instructions | Components Overview Help Guide | Component Properties
personal-websites	https://webflow.com/templates/html/presence-website-template	https://public-speaker-template.webflow.io/		Home | About | Books | Public Speaking | Signature Talk showcase | Podcast | Workshops | Blog Listing | Blog Post | Contact | Legal | Who is Medium Rare? | Who uses Presence?
portfolio-and-agency-websites	https://webflow.com/templates/html/scalient-website-template	https://scalient.webflow.io/		
portfolio-and-agency-websites	https://webflow.com/templates/html/stodio-website-template	https://stodio.webflow.io/		Core Pages | Home | About | Pricing | Contact | Portfolio Pages (CMS) | Project | Project Single | Career Pages (CMS) | Career | Career Single | Blog Pages (CMS) | Blog | Blog Single | Utility Pages | Additional Pages | Figma File Included: | Support: | Subcategories | Design Portfolio | Creative Agency | Styles | Corporate | Modern | Web fonts | Responsive slider | Background video | Responsive navigation | Retina ready | Custom 404 page | GSAP | CSS Grid
personal-websites	https://webflow.com/templates/html/nova-persona-website-template	https://novapersona.webflow.io/		
portfolio-and-agency-websites	https://webflow.com/templates/html/saleunion-website-template	https://saleunion.webflow.io/		Home V1 | Home V2 | About Us | Services | Case Studies | Case Study Details | Blog | Blog Details | Pricing V1 | Pricing V2 | Contact Us | Privacy Policy | 404 Page | Password Protected Page | Style Guide | Licenses | Changelog | Ideal For: | Consultancy Agencies | Business & Marketing Firms | Financial Advisors | Corporate Service Providers | B2B Agencies | Subcategories | Creative Agency | Consulting & Coaching | Styles | Minimal | Modern | 3D transforms | Background video | CSS Grid | Components | Content management system | Custom 404 page | Ecommerce | Forms | Interactions | Comes
personal-websites	https://webflow.com/templates/html/humace-website-template	https://humace.webflow.io/		🏠 Home | 📄 About | 🛠 Services | 📋 Service Details | 💼 Jobs / Careers | 📄 Job Details | 📰 Blog | 📄 Blog Details | 📞 Contact | 🔧 Fully Customizable & Easy to Use | 🌟 Why Choose Humace Webflow Template? | ✔ Professional and modern design style | ✔ Conversion-focused layouts | ✔ Easy customization with Webflow | 📞 Support & Assistance | Subcategories | Resume & CV | Job Portal | Styles | Corporate | Modern | Web fonts | Responsive slider | Responsive navigation | Retina ready
portfolio-and-agency-websites	https://webflow.com/templates/html/ritovex-website-template	https://ritovex.webflow.io/		
professional-services-websites	https://webflow.com/templates/html/meridian-website-template	https://meridian-wf-template.webflow.io/		Home | Services | Operations Audit | Systems Design | Organizational Alignment | The Growth Playbook Download | Pricing | Case Studies | Case Study Post (CMS Template) | About | Team Member (CMS Template) | Blog | Blog Category (CMS Template) | Blog Post (CMS Template) | Contact | Privacy Policy | Template Pages | Style Guide | Components | Instructions | GSAP Guide | Licenses | Password | 404 | CMS Collections | Meridian is perfect for | 🏢 Operations consulting firms | 💼 Professional service businesses | 📈 Mid-market service providers | Ready to use assets | Getting started | Meridian Template Instructions | Components Overview Help Guide | Component Properties
real-estate-websites	https://webflow.com/templates/html/pody-website-template	https://pody-wcopilot.webflow.io/		
professional-services-websites	https://webflow.com/templates/html/scalient-website-template	https://scalient.webflow.io/		
real-estate-websites	https://webflow.com/templates/html/luzen-website-template	https://luzen-temlis.webflow.io/		: | • Home v1 | • Home v2 | • Home v3 | • Blog v1 | • Blog v2 | • Blog v3 | • Contact v1 | • Contact v2 | • Contact v3 | • Services | • About Us | • Project | • Location | • Style Guide | • Changelog | • Licensing | • Blog CMS | • Members CMS | • Services CMS | • Projects CMS | Subcategories | Architecture | Real Estate | Styles | Minimal | Modern | Responsive navigation | Responsive design | Similar templates | Browse all | More by Temlis | All templates by Temlis | Explore | Dashboard | Marketplace | Designers | Learn & get help | Support | University
professional-services-websites	https://webflow.com/templates/html/saleunion-website-template	https://saleunion.webflow.io/		Home V1 | Home V2 | About Us | Services | Case Studies | Case Study Details | Blog | Blog Details | Pricing V1 | Pricing V2 | Contact Us | Privacy Policy | 404 Page | Password Protected Page | Style Guide | Licenses | Changelog | Ideal For: | Consultancy Agencies | Business & Marketing Firms | Financial Advisors | Corporate Service Providers | B2B Agencies | Subcategories | Creative Agency | Consulting & Coaching | Styles | Minimal | Modern | 3D transforms | Background video | CSS Grid | Components | Content management system | Custom 404 page | Ecommerce | Forms | Interactions | Comes
real-estate-websites	https://webflow.com/templates/html/kanzo-studio-website-template	https://kanzo-studio.webflow.io/		
professional-services-websites	https://webflow.com/templates/html/auria-website-template	https://auria-template.webflow.io/		
real-estate-websites	https://webflow.com/templates/html/archscale-website-template	https://archscale.webflow.io/		
professional-services-websites	https://webflow.com/templates/html/cyrclo-website-template	https://cyrclo.webflow.io/		
real-estate-websites	https://webflow.com/templates/html/lyndor-website-template	https://lyndor.webflow.io/		: | 404 Page – Clean, minimal fallback page | Key Features: | Subcategories | Hotels & Lodging | Real Estate | Styles | Light | Minimal | Web fonts | Responsive slider | Responsive navigation | Custom 404 page | Content management system | Responsive design | Displays perfe
retail-and-e-commerce-websites	https://webflow.com/templates/html/orlance-skincare-website-template	https://orlance.webflow.io/		
technology-websites	https://webflow.com/templates/html/fleet-website-template	https://fleet-template.webflow.io/		
retail-and-e-commerce-websites	https://webflow.com/templates/html/serenique-website-template	https://serenique-template.webflow.io/		Home v1 | Home v2 | Home v3 | About Us | Services v1 | Services v2 | Services v3 | Service Single | Blog v1 | Blog v2 | Blog v3 | Blog Single | Team | Team Single | Book a Treatment | Pricing | Pricing Single | Contact v1 | Contact v2 | Contact v3 | Style Guide | Changelog | Licenses | Password Protected | 404 Not Found | Figma File Included | Support | and we’ll reply within 12–48 hours. | More Templates: | 🖤 Made with passion by WidFlow Team | Subcategories | Spa | Beauty & Wellness Store | Styles | Minimal | Modern | Web fonts | Responsive slider | Background video | Responsive navigation
technology-websites	https://webflow.com/templates/html/quantumai-website-template	https://quantumlabtemplate.webflow.io/		
retail-and-e-commerce-websites	https://webflow.com/templates/html/greenspire-website-template	https://greenspire-template.webflow.io/		
technology-websites	https://webflow.com/templates/html/ritovex-website-template	https://ritovex.webflow.io/		
retail-and-e-commerce-websites	https://webflow.com/templates/html/serene-bloom-website-template	https://serenebloom.webflow.io/		
technology-websites	https://webflow.com/templates/html/avoora-website-template	https://avoora.webflow.io/		
retail-and-e-commerce-websites	https://webflow.com/templates/html/venora-website-template	https://venora-template.webflow.io/		
technology-websites	https://webflow.com/templates/html/neuralflow-website-template	https://neuralflowtemplate.webflow.io/		
transportation-websites	https://webflow.com/templates/html/fleet-website-template	https://fleet-template.webflow.io/		
travel-websites	https://webflow.com/templates/html/waveyu-website-template	https://waveyu.webflow.io/		: | Homepage | Style Guide | Instructions | Licenses | Changelog | 404 | Password | Usage Rights: | Subcategories | Travel & Tourism | Events | Styles | Light | Minimal | CSS Grid | Components | Custom 404 page | Forms | Interactions | Media lightbox | Responsive design | Responsive navigation | Responsive slider | Retina ready | Web fonts
transportation-websites	https://webflow.com/templates/html/loadex-website-template	https://loadex-wcopilot.webflow.io/		
travel-websites	https://webflow.com/templates/html/caladan-website-template	https://caladan-template.webflow.io/		Home A | Home B | Home C | Blog A | Blog B | Blog C | Contact A | Contact B | Contact C | About Us | Gallery | Article (CMS) | Resorts | Resort Single (CMS) | Book Inquiry | FAQ | Legal | 404 | Password | Style Guide | Licenses | Changelog | Subcategories | Travel & Tourism | Hotels & Lodging | Styles | Light | Modern | Web fonts | Responsive slider | Background video | Responsive navigation | Retina ready | Custom 404 page | Media lightbox | CSS Grid | Content management system
transportation-websites	https://webflow.com/templates/html/cargo-website-template	https://cargo-plus.webflow.io/		
travel-websites	https://webflow.com/templates/html/readz-website-template	https://readz-wbs.webflow.io/		Pages list of blog Webflow template | Home | Blog | Authors | Categories | Podcast Landing | Podcast Listing | About / Contact | Subscribe | Privacy Policy | Style Guide | Instructions | Licenses | Changelog | Error 404 | Password Protected | Ideal for
transportation-websites	https://webflow.com/templates/html/gomobil-website-template	https://gomobil.webflow.io/		
travel-websites	https://webflow.com/templates/html/lyndor-website-template	https://lyndor.webflow.io/		: | 404 Page – Clean, minimal fallback page | Key Features: | Subcategories | Hotels & Lodging | Real Estate | Styles | Light | Minimal | Web fonts | Responsive slider | Responsive navigation | Custom 404 page | Content management system | Responsive design | Displays perfe
transportation-websites	https://webflow.com/templates/html/carent-website-template	https://carent-wbs.webflow.io/		in Car Listing Webflwo Template: | Home | About | Cars (CMS) | Contact | Blog (CMS) | FAQs | Terms & Conditions | Privacy Policy | Style Guide | Instructions | Licenses | Changelog | Link in Bio | Coming Soon | Password Protected | Error 404 | Subcategory | Cars | Styles | Corporate | Modern | Web fonts | Responsive slider | Background video | Responsive navigation | Retina ready | Custom 404 page | Custom design for the 4
travel-websites	https://webflow.com/templates/html/veloura-website-template	https://veloura-hotel-template.webflow.io/		
ui-kit-websites	https://webflow.com/templates/html/spark-business-website-template	https://spark-template.webflow.io/		
weddings-and-events-websites	https://webflow.com/templates/html/sara-alderson-website-template	https://sara-alderson.webflow.io/		
ui-kit-websites	https://webflow.com/templates/html/ollie-ui-kit-website-template	https://ollie-template.webflow.io/		
weddings-and-events-websites	https://webflow.com/templates/html/itconf-event-website-template	https://it-conf.webflow.io/		
ui-kit-websites	https://webflow.com/templates/html/stremax-website-template	https://stremax-saas.webflow.io/		Homepage 01 | Homepage 02 | Homepage 03 | About Us | Pricing 01 | Pricing 02 | Pricing 03 | Blog 01 | Blog 02 | Blog 03 | Blog Single | Contact Us 01 | Contact Us 02 | Contact Us 03 | Integrations | Integration Single | Reviews | Download | Careers | Career Single | Log In | Sign Up | Forgot Password | Subcategories | Software & SaaS | UI Kit | Styles | Light | Modern | Web fonts | Responsive slider | Background video | Responsive navigation | Retina ready | Custom 404 page | Media lightbox | CSS Grid | Content management system | Responsive design | Forms
weddings-and-events-websites	https://webflow.com/templates/html/lovio-wedding-website-template	https://lovio.webflow.io/		
ui-kit-websites	https://webflow.com/templates/html/fragment-landing-page-website-template	https://fragment-marketing-landing-pages.webflow.io/		
weddings-and-events-websites	https://webflow.com/templates/html/launch-point-website-template	https://launchpoint-venues.webflow.io/		
ui-kit-websites	https://webflow.com/templates/html/panels-ui-kit-website-template	https://panels-template.webflow.io/		
weddings-and-events-websites	https://webflow.com/templates/html/nextSummit-website-template	https://nextsummit-ecommerce.webflow.io/		
wellness-websites	https://webflow.com/templates/html/athelas-website-template	https://athelas-template.webflow.io/		
wellness-websites	https://webflow.com/templates/html/healen-website-template	https://healen.webflow.io/		Home v1 | Home v2 | Home v3 | About v1 | About v2 | About v3 | Blogs | Service v1 | Service v2 | Service v3 | Doctors | Password | Terms | Privacy | Service Details | Blog Details | Doctor Details | Style Guide | License | Changelog | 404 | Ideal For | Hospitals and medical centers | Clinics and healthcare providers | Maternity and pregnancy care services | Doctors and medical professionals | Health checkup and diagnostic centers | Private healthcare practices | Subcategories | Health & Nutrition | Hospital | Styles | Minimal | Modern | 3D transforms | Background video | CSS Grid | Components | Content management system | Custom 404 page
wellness-websites	https://webflow.com/templates/html/hollow-website-template	https://hollow-template.webflow.io/		
wellness-websites	https://webflow.com/templates/html/serenique-website-template	https://serenique-template.webflow.io/		Home v1 | Home v2 | Home v3 | About Us | Services v1 | Services v2 | Services v3 | Service Single | Blog v1 | Blog v2 | Blog v3 | Blog Single | Team | Team Single | Book a Treatment | Pricing | Pricing Single | Contact v1 | Contact v2 | Contact v3 | Style Guide | Changelog | Licenses | Password Protected | 404 Not Found | Figma File Included | Support | and we’ll reply within 12–48 hours. | More Templates: | 🖤 Made with passion by WidFlow Team | Subcategories | Spa | Beauty & Wellness Store | Styles | Minimal | Modern | Web fonts | Responsive slider | Background video | Responsive navigation
wellness-websites	https://webflow.com/templates/html/stillpoint-website-template	https://ovo-stillpoint.webflow.io/		Core pages | Home | Approach | Areas of Support | About | Journal | Contact | CMS template pages | Areas of Support Detail Page | Journal Post Detail Page | Utility pages | 404 | Password | Built for flexible customization | Therapists | Psychologists | Counselors | Burnout recovery specialists | Anxiety-focused private practices | CMS structure that adds real value
architecture-and-design-websites	https://webflow.com/templates/html/manufactt-website-template	https://manufactt-wbs.webflow.io/		
architecture-and-design-websites	https://webflow.com/templates/html/luzen-website-template	https://luzen-temlis.webflow.io/		: | • Home v1 | • Home v2 | • Home v3 | • Blog v1 | • Blog v2 | • Blog v3 | • Contact v1 | • Contact v2 | • Contact v3 | • Services | • About Us | • Project | • Location | • Style Guide | • Changelog | • Licensing | • Blog CMS | • Members CMS | • Services CMS | • Projects CMS | Subcategories | Architecture | Real Estate | Styles | Minimal | Modern | Responsive navigation | Responsive design | Similar templates | Browse all | More by Temlis | All templates by Temlis | Explore | Dashboard | Marketplace | Designers | Learn & get help | Support | University
architecture-and-design-websites	https://webflow.com/templates/html/kanzo-studio-website-template	https://kanzo-studio.webflow.io/		
architecture-and-design-websites	https://webflow.com/templates/html/archscale-website-template	https://archscale.webflow.io/		
architecture-and-design-websites	https://webflow.com/templates/html/linoxa-website-template	https://linoxa.webflow.io/		
