portfolio	https://www.framer.com/marketplace/templates/fuel/	https://fuel.framer.website/		
portfolio	https://www.framer.com/marketplace/templates/portfolder/	https://portfolder.framer.website/		
portfolio	https://www.framer.com/marketplace/templates/bureau-nine/	https://bureaunine.framer.website/		
portfolio	https://www.framer.com/marketplace/templates/jonas/	https://jonas-template.framer.website/		
artists	https://www.framer.com/marketplace/templates/revix/	https://revix.framer.website/		
artists	https://www.framer.com/marketplace/templates/obsidian-studio/	https://biggest-tetragon-956710.framer.app/		
artists	https://www.framer.com/marketplace/templates/tatoo-studio/	https://tattoostudio.framer.website/		
artists	https://www.framer.com/marketplace/templates/galerie-holm/	https://galerie-holm-wbs.framer.website/		
designers	https://www.framer.com/marketplace/templates/miles/	https://noahmiles.framer.website/		
designers	https://www.framer.com/marketplace/templates/titarvl/	https://titarvl.framer.website/		
designers	https://www.framer.com/marketplace/templates/meeko/	https://meeko-template.framer.website/		
designers	https://www.framer.com/marketplace/templates/tabfolio-pro/	https://tabfoliopro.framer.ai/		
photography	https://www.framer.com/marketplace/templates/ferreira/	https://juno-ferreira.framer.website/		
photography	https://www.framer.com/marketplace/templates/ezio/	https://ezio.framer.ai/		
photography	https://www.framer.com/marketplace/templates/lou/	https://louperez.framer.website/		
photography	https://www.framer.com/marketplace/templates/everlune/	https://everlune.framer.ai/		
resume	https://www.framer.com/marketplace/templates/portvio/	https://portvio.framer.website/		
resume	https://www.framer.com/marketplace/templates/elvara/	https://elvara.framer.website/		
resume	https://www.framer.com/marketplace/templates/desinio/	https://designers-portfolio-template.framer.website/		
resume	https://www.framer.com/marketplace/templates/meelo/	https://meelo-template.framer.website/		
resume	https://www.framer.com/marketplace/templates/resumly/	https://resumly.framer.website/		
software	https://www.framer.com/marketplace/templates/fusion-ai/	https://fusionai.framer.website/		
software	https://www.framer.com/marketplace/templates/message/	https://heymessage.framer.ai/		
software	https://www.framer.com/marketplace/templates/strand/	https://strand.framer.website/		
software	https://www.framer.com/marketplace/templates/flexfolio/	https://flexfollio.framer.website/		
software	https://www.framer.com/marketplace/templates/dayl/	https://daylo.framer.ai/		
ai	https://www.framer.com/marketplace/templates/quorum/	https://quorum.framer.website/		
ai	https://www.framer.com/marketplace/templates/aiwork/	https://aiwork.framer.website/		
ai	https://www.framer.com/marketplace/templates/aeye/	https://aeye.framer.ai/		
ai	https://www.framer.com/marketplace/templates/zenox/	https://zenox-template.framer.website/		
ai	https://www.framer.com/marketplace/templates/athana/	https://athana.framer.website/		
apps	https://www.framer.com/marketplace/templates/app-landing/	https://app-landing.framer.website/		
apps	https://www.framer.com/marketplace/templates/upwize/	https://upwize.framer.website/		
apps	https://www.framer.com/marketplace/templates/noma-global/	https://noma.framer.ai/		
apps	https://www.framer.com/marketplace/templates/orbit-launch/	https://orbitlaunch.framer.website/		
apps	https://www.framer.com/marketplace/templates/pillo/	https://pillo-app.framer.website/		
fintech	https://www.framer.com/marketplace/templates/noten/	https://noten.framer.website/		
fintech	https://www.framer.com/marketplace/templates/zenvaro/	https://zenvaro.framer.website/		
fintech	https://www.framer.com/marketplace/templates/yapay/	https://yapay.framer.ai/		
fintech	https://www.framer.com/marketplace/templates/arewno/	https://arewno.framer.website/		
fintech	https://www.framer.com/marketplace/templates/minta/	https://minta.framer.ai/		
saas	https://www.framer.com/marketplace/templates/auraform/	https://auraform.framer.ai/		
saas	https://www.framer.com/marketplace/templates/ordina/	https://ordina.framer.website/		
saas	https://www.framer.com/marketplace/templates/rescale/	https://rescale.framer.ai/		
saas	https://www.framer.com/marketplace/templates/optivio/	https://optivio.framer.website/		
agency	https://www.framer.com/marketplace/templates/forma-interior/	https://formastudio.framer.ai/		
agency	https://www.framer.com/marketplace/templates/riwa/	https://riwadesign.framer.website/		
agency	https://www.framer.com/marketplace/templates/monodrift/	https://monodrift.framer.website/		
architecture	https://www.framer.com/marketplace/templates/north-bureau/	https://northbureau.framer.website/		
architecture	https://www.framer.com/marketplace/templates/bloc-studio/	https://blocstudio.framer.website/		
architecture	https://www.framer.com/marketplace/templates/wilson/	https://marywilson.framer.website/		
architecture	https://www.framer.com/marketplace/templates/luneo/	https://luneo.framer.website/		
architecture	https://www.framer.com/marketplace/templates/monocromo/	https://monocromo.framer.website/		
design	https://www.framer.com/marketplace/templates/studio-think/	https://studiothink.framer.website/		
design	https://www.framer.com/marketplace/templates/clipcut/	https://clipcut.framer.ai/		
design	https://www.framer.com/marketplace/templates/chapters/	https://chapter.framer.ai/		
design	https://www.framer.com/marketplace/templates/coska/	https://coska.framer.website/		
design	https://www.framer.com/marketplace/templates/swissstyle/	https://swissstyle.framer.website/		
marketing	https://www.framer.com/marketplace/templates/boldcraft/	https://boldcraft.framer.website/		
marketing	https://www.framer.com/marketplace/templates/pulma/	https://pulma.framer.website/		
marketing	https://www.framer.com/marketplace/templates/viral/	https://viral-sma.framer.website/		
web-design	https://www.framer.com/marketplace/templates/web-de/	https://web-de.framer.website/		
web-design	https://www.framer.com/marketplace/templates/ignitex/	https://ignitex-wbs.framer.website/		
web-design	https://www.framer.com/marketplace/templates/kolx/	https://kolx-digital-agency.framer.website/		
web-design	https://www.framer.com/marketplace/templates/agnos/	https://agnos-wbs.framer.website/		
web-design	https://www.framer.com/marketplace/templates/bluncy/	https://bluncy.framer.website/		
ecommerce	https://www.framer.com/marketplace/templates/bureau27/	https://bureau27.framer.website/		
ecommerce	https://www.framer.com/marketplace/templates/squareo-look-book/	https://squareo.framer.website/		
ecommerce	https://www.framer.com/marketplace/templates/fe-skiniora/	https://fe-skiniora.framer.website/		
ecommerce	https://www.framer.com/marketplace/templates/hedvig/	https://hedvig.framer.website/		
beauty	https://www.framer.com/marketplace/templates/lavande/	https://lavande.framer.website/		
beauty	https://www.framer.com/marketplace/templates/trmmr-barber-pro/	https://trmmr.framer.website/		
beauty	https://www.framer.com/marketplace/templates/dermato/	https://dermato-wbs.framer.website/		
beauty	https://www.framer.com/marketplace/templates/gloss-cult/	https://glosscult.framer.website/		
digital	https://www.framer.com/marketplace/templates/vendo/	https://vendotemplate.framer.website/		
digital	https://www.framer.com/marketplace/templates/aerosound/	https://aerosound.framer.website/		
digital	https://www.framer.com/marketplace/templates/ebook/	https://ebook-template.framer.website/		
digital	https://www.framer.com/marketplace/templates/pixel-store/	https://fontstore.framer.website/		
fashion	https://www.framer.com/marketplace/templates/soja/	https://soja-ecommerce.framer.website/		
fashion	https://www.framer.com/marketplace/templates/wearix/	https://wearix.framer.website/		
fashion	https://www.framer.com/marketplace/templates/axiom/	https://axm.framer.website/		
fashion	https://www.framer.com/marketplace/templates/kotr/	https://kotr.framer.website/		
fashion	https://www.framer.com/marketplace/templates/aurelle-jewels-shop/	https://aurelle-template.framer.website/		
furniture	https://www.framer.com/marketplace/templates/furnora-decor-store/	https://necessary-strengthening-266958.framer.app/		
furniture	https://www.framer.com/marketplace/templates/stillroom/	https://gray-cogwheel-875365.framer.app/		
furniture	https://www.framer.com/marketplace/templates/muebles-furniture/	https://muebles.framer.website/		
furniture	https://www.framer.com/marketplace/templates/intro/	https://inttro.framer.website/		
furniture	https://www.framer.com/marketplace/templates/carvix/	https://carvix-woodwork.framer.website/		
professional-services	https://www.framer.com/marketplace/templates/himon/	https://himon.framer.website/		
professional-services	https://www.framer.com/marketplace/templates/consultpro/	https://consult-pro.framer.website/		
professional-services	https://www.framer.com/marketplace/templates/redline-workshop/	https://redline-template.framer.website/		
professional-services	https://www.framer.com/marketplace/templates/handgrid/	https://handgrid.framer.ai/		
professional-services	https://www.framer.com/marketplace/templates/precept/	https://precept.framer.website/		
consulting	https://www.framer.com/marketplace/templates/elyte/	https://elytetemplate.framer.website/		
consulting	https://www.framer.com/marketplace/templates/zerovant/	https://zerovant.framer.website/		
consulting	https://www.framer.com/marketplace/templates/consultaro/	https://consultaro.framer.website/		
consulting	https://www.framer.com/marketplace/templates/upflux/	https://upflux.framer.website/		
consulting	https://www.framer.com/marketplace/templates/hydra/	https://hydra-template.framer.website/		
education	https://www.framer.com/marketplace/templates/eduon/	https://eduon.framer.website/		
education	https://www.framer.com/marketplace/templates/kidora/	https://kidora.framer.website/		
education	https://www.framer.com/marketplace/templates/zeeny/	https://zeeny.framer.website/		
education	https://www.framer.com/marketplace/templates/enlisted/	https://try-enlisted.framer.website/		
education	https://www.framer.com/marketplace/templates/speax/	https://speax.framer.website/		
home-services	https://www.framer.com/marketplace/templates/dolly/	https://aldrichmoving.framer.website/		
home-services	https://www.framer.com/marketplace/templates/greenly/	https://greenlly.framer.website/		
home-services	https://www.framer.com/marketplace/templates/landscaper/	https://landscapers.framer.website/		
home-services	https://www.framer.com/marketplace/templates/cresta/	https://cresta-template.framer.website/		
home-services	https://www.framer.com/marketplace/templates/plumbex/	https://plumbex.framer.ai/		
legal	https://www.framer.com/marketplace/templates/ashcombe/	https://ashcombee.framer.website/		
legal	https://www.framer.com/marketplace/templates/clause-law-firm/	https://clause-preview.framer.website/		
legal	https://www.framer.com/marketplace/templates/lexara/	https://lexara-law.framer.website/		
legal	https://www.framer.com/marketplace/templates/sololaw/	https://sololaw.framer.website/		
legal	https://www.framer.com/marketplace/templates/shoowcase/	https://shoowcase.framer.website/		
health	https://www.framer.com/marketplace/templates/fitflow/	https://fitflow-template.framer.website/		
health	https://www.framer.com/marketplace/templates/avelune-well/	https://avelune-template.framer.website/		
health	https://www.framer.com/marketplace/templates/the-practice/	https://thepractice.framer.website/		
health	https://www.framer.com/marketplace/templates/alma/	https://almaheartwell.framer.website/		
fitness	https://www.framer.com/marketplace/templates/southpaw/	https://abundant-usability-498895.framer.app/		
fitness	https://www.framer.com/marketplace/templates/trainer/	https://trainer-sgs.framer.website/		
fitness	https://www.framer.com/marketplace/templates/tranix-fitness-coach/	https://trainix-coach.framer.website/		
fitness	https://www.framer.com/marketplace/templates/momentum-fit/	https://momentumfit.framer.website/		
fitness	https://www.framer.com/marketplace/templates/rep-republic/	https://rep-republic-gym.framer.website/		
medical	https://www.framer.com/marketplace/templates/dentique/	https://honest-frame-221420.framer.app/		
medical	https://www.framer.com/marketplace/templates/dentelio/	https://dentelio.framer.website/		
medical	https://www.framer.com/marketplace/templates/dentora-lab/	https://dentoralab.framer.website/		
medical	https://www.framer.com/marketplace/templates/luma-dentist/	https://luma-dental.framer.website/		
medical	https://www.framer.com/marketplace/templates/vetcares/	https://vetcare.framer.website/		
therapy	https://www.framer.com/marketplace/templates/careaba/	https://careaba.framer.ai/		
therapy	https://www.framer.com/marketplace/templates/mindora/	https://mindora.framer.website/		
therapy	https://www.framer.com/marketplace/templates/aubade/	https://aubade.framer.website/		
therapy	https://www.framer.com/marketplace/templates/elowra/	https://elowra.framer.website/		
therapy	https://www.framer.com/marketplace/templates/sereenity/	https://sereenity.framer.website/		
wellness	https://www.framer.com/marketplace/templates/yoga-wellness/	https://yoga-wellness.framer.website/		
wellness	https://www.framer.com/marketplace/templates/wellure/	https://wellure.framer.website/		
wellness	https://www.framer.com/marketplace/templates/sukha-studio-teacher/	https://innovative-sphinx-487895.framer.app/		
wellness	https://www.framer.com/marketplace/templates/yogagrove/	https://yogagrove.framer.website/		
wellness	https://www.framer.com/marketplace/templates/aevum/	https://favorable-areas-418713.framer.app/		
publishing	https://www.framer.com/marketplace/templates/brutus/	https://brutusmagazine.framer.website/		
publishing	https://www.framer.com/marketplace/templates/memoir/	https://memoir.framer.website/		
publishing	https://www.framer.com/marketplace/templates/press-hub/	https://press-hub-blog.framer.website/		
publishing	https://www.framer.com/marketplace/templates/merce-des-benz/	https://mercedesbenz.framer.website/		
blogs	https://www.framer.com/marketplace/templates/neue-journal/	https://neuejournal.framer.website/		
blogs	https://www.framer.com/marketplace/templates/noter/	https://noter.framer.website/		
blogs	https://www.framer.com/marketplace/templates/compose/	https://compose-template.framer.website/		
blogs	https://www.framer.com/marketplace/templates/larder/	https://golden-intend-278153.framer.app/		
entertainment	https://www.framer.com/marketplace/templates/groovory/	https://groovory.framer.website/		
entertainment	https://www.framer.com/marketplace/templates/waveform/	https://waveform.framer.website/		
entertainment	https://www.framer.com/marketplace/templates/rock-glitch/	https://rock-glitch.framer.website/		
entertainment	https://www.framer.com/marketplace/templates/ugcreate/	https://ugcreate.framer.website/		
entertainment	https://www.framer.com/marketplace/templates/filmmaker-studio/	https://friendly-pizza-355708.framer.app/		
magazines	https://www.framer.com/marketplace/templates/fuselle/	https://fuselle-template.framer.website/		
magazines	https://www.framer.com/marketplace/templates/newsio/	https://newsio.framer.website/		
magazines	https://www.framer.com/marketplace/templates/glossy/	https://glossymagazine.framer.website/		
magazines	https://www.framer.com/marketplace/templates/blush-magazine/	https://blush-magazine.framer.website/		
news	https://www.framer.com/marketplace/templates/lonica/	https://lonica.framer.website/		
news	https://www.framer.com/marketplace/templates/newsroom-27/	https://newsroom27.framer.website/		
news	https://www.framer.com/marketplace/templates/narrate/	https://narrate-template.framer.website/		
news	https://www.framer.com/marketplace/templates/artikle/	https://artikle.framer.website/		
real-estate	https://www.framer.com/marketplace/templates/realty-pro/	https://realtypro-new-for-realtors.framer.website/		
real-estate	https://www.framer.com/marketplace/templates/bildora/	https://bildora.framer.website/		
real-estate	https://www.framer.com/marketplace/templates/noren/	https://noren.framer.website/		
real-estate	https://www.framer.com/marketplace/templates/royal/	https://royaltemplate.framer.website/		
real-estate	https://www.framer.com/marketplace/templates/norvique/	https://norvique.framer.website/		
agents	https://www.framer.com/marketplace/templates/havenrow/	https://havenrow.framer.website/		
agents	https://www.framer.com/marketplace/templates/vistahaven/	https://vistahaven.framer.website/		
agents	https://www.framer.com/marketplace/templates/nordic-estate/	https://clean-vision-956829.framer.app/		
agents	https://www.framer.com/marketplace/templates/luxerealty/	https://luxerealty.framer.website/		
agents	https://www.framer.com/marketplace/templates/harpine/	https://harpine.framer.website/		
construction	https://www.framer.com/marketplace/templates/measure/	https://measure.framer.ai/		
construction	https://www.framer.com/marketplace/templates/raw-structure/	https://rawstructure.framer.website/		
construction	https://www.framer.com/marketplace/templates/norfolk/	https://norfolk.framer.website/		
construction	https://www.framer.com/marketplace/templates/renovatehub/	https://renovatehub.framer.website/		
listings	https://www.framer.com/marketplace/templates/nexus-realty/	https://nexusrealty.framer.website/		
listings	https://www.framer.com/marketplace/templates/manora/	https://manora-tem.framer.website/		
listings	https://www.framer.com/marketplace/templates/patin/	https://patina.framer.website/		
listings	https://www.framer.com/marketplace/templates/relatora/	https://realtora.framer.website/		
listings	https://www.framer.com/marketplace/templates/realtora/	https://realtora.framer.ai/		
management	https://www.framer.com/marketplace/templates/profit/	https://profit-template.framer.website/		
management	https://www.framer.com/marketplace/templates/realist/	https://realisting.framer.website/		
management	https://www.framer.com/marketplace/templates/stayor/	https://stayor.framer.website/		
management	https://www.framer.com/marketplace/templates/quarterboard/	https://quarterboard.framer.website/		
management	https://www.framer.com/marketplace/templates/denest/	https://scary-aside-764750.framer.app/		
hospitality	https://www.framer.com/marketplace/templates/agrovas/	https://agrovas.framer.website/		
hospitality	https://www.framer.com/marketplace/templates/ferea/	https://fereacafe.framer.website/		
hospitality	https://www.framer.com/marketplace/templates/camino/	https://camino-template.framer.website/		
hospitality	https://www.framer.com/marketplace/templates/wayfare/	https://touroperator.framer.website/		
hospitality	https://www.framer.com/marketplace/templates/motelx/	https://motelx.framer.website/		
food	https://www.framer.com/marketplace/templates/boolka/	https://boolka.framer.website/		
food	https://www.framer.com/marketplace/templates/latte-cafe-restaurant-template/	https://lattetemplate.framer.website/		
food	https://www.framer.com/marketplace/templates/toasted-buns/	https://toastedbuns.framer.website/		
food	https://www.framer.com/marketplace/templates/kafoska/	https://multiple-influence-475025.framer.app/		
food	https://www.framer.com/marketplace/templates/growler/	https://growlerbrewery.framer.website/		
hotels	https://www.framer.com/marketplace/templates/asterre/	https://asterre.framer.website/		
hotels	https://www.framer.com/marketplace/templates/aurelia-hotel/	https://aurelia-template.framer.website/		
hotels	https://www.framer.com/marketplace/templates/bethewind/	https://bethewind.framer.website/		
hotels	https://www.framer.com/marketplace/templates/shane/	https://shane-resort.framer.website/		
restaurants	https://www.framer.com/marketplace/templates/crav/	https://crav-burger.framer.website/		
restaurants	https://www.framer.com/marketplace/templates/selva/	https://practical-travel-350340.framer.app/		
restaurants	https://www.framer.com/marketplace/templates/ember-by-tungsten/	https://silver-variations-108906.framer.app/		
travel	https://www.framer.com/marketplace/templates/gaff/	https://gaffcharters.framer.website/		
travel	https://www.framer.com/marketplace/templates/tourism/	https://wanderway-template.framer.website/		
travel	https://www.framer.com/marketplace/templates/tavelo/	https://tavelo.framer.website/		
travel	https://www.framer.com/marketplace/templates/tripvanta/	https://tripvanta.framer.ai/		
events	https://www.framer.com/marketplace/templates/nell-voss/	https://nellvoss.framer.website/		
events	https://www.framer.com/marketplace/templates/noctra-template/	https://maroon-follow-959705.framer.app/		
events	https://www.framer.com/marketplace/templates/together-vows/	https://togetherwedding.framer.website/		
events	https://www.framer.com/marketplace/templates/nocturne-club/	https://nocturneclub.framer.website/		
events	https://www.framer.com/marketplace/templates/weddingday/	https://wedding-day.framer.ai/		
conferences	https://www.framer.com/marketplace/templates/confiig/	https://confiig.framer.website/		
conferences	https://www.framer.com/marketplace/templates/convoke/	https://convoke.framer.website/		
conferences	https://www.framer.com/marketplace/templates/signal-house/	https://signalhouse.framer.website/		
conferences	https://www.framer.com/marketplace/templates/stagefy/	https://stagefy-event.framer.website/		
conferences	https://www.framer.com/marketplace/templates/summit-os/	https://major-tuna-320747.framer.app/		
music	https://www.framer.com/marketplace/templates/noctra-template/	https://maroon-follow-959705.framer.app/		
music	https://www.framer.com/marketplace/templates/signal-event/	https://signalfest.framer.website/		
music	https://www.framer.com/marketplace/templates/nocturne-club/	https://nocturneclub.framer.website/		
music	https://www.framer.com/marketplace/templates/soundform/	https://soundform.framer.website/		
music	https://www.framer.com/marketplace/templates/nell-voss/	https://nellvoss.framer.website/		
sports	https://www.framer.com/marketplace/templates/padgrow/	https://padgrow.framer.website/		
sports	https://www.framer.com/marketplace/templates/perform/	https://perform.framer.website/		
sports	https://www.framer.com/marketplace/templates/dormie-private-golf/	https://clean-porcupine-229272.framer.app/		
sports	https://www.framer.com/marketplace/templates/noktis/	https://noktis.framer.website/		
sports	https://www.framer.com/marketplace/templates/rebound-padel/	https://rebound-template.framer.website/		
weddings	https://www.framer.com/marketplace/templates/elowen-chetan/	https://elowenchetan.framer.website/		
weddings	https://www.framer.com/marketplace/templates/wedding-invitation/	https://orchid-zebra-387878.framer.app/		
weddings	https://www.framer.com/marketplace/templates/aveluna/	https://aveluna.framer.website/		
weddings	https://www.framer.com/marketplace/templates/wedding-story-rtltr/	https://weddingstoryday.framer.website/		
