architecture	https://www.awwwards.com/sites/dvo	https://dvo.it/	
art-illustration	https://www.awwwards.com/sites/pamidor-design-2	https://pamidordesign.co/	
architecture	https://www.awwwards.com/sites/gmx-digital-1	https://gmxdigital.com/en/	
art-illustration	https://www.awwwards.com/sites/austensor-ai-webgl-art	https://austensor.com/	
architecture	https://www.awwwards.com/sites/mr-c-residences-boca-raton	https://mrcresidencesbocaraton.com/	
art-illustration	https://www.awwwards.com/sites/197-historias-ilustradas	https://www.197historiasilustradas.com/	
architecture	https://www.awwwards.com/sites/loam-house	https://residences.loamhouse.com.au/	
art-illustration	https://www.awwwards.com/sites/bulbs-series	https://bulbs.simondupety.com/	
architecture	https://www.awwwards.com/sites/thirdway	https://thirdway.com/	
art-illustration	https://www.awwwards.com/sites/3dcc-three-dimensional-cognitive-coordinate	https://cocktailtheory.github.io/3DCC-core/	
architecture	https://www.awwwards.com/sites/sobha-privy-collection	https://sobha-privy-collection.com/	SOTD
art-illustration	https://www.awwwards.com/sites/nala-kun	https://www.nalakun.com/	
architecture	https://www.awwwards.com/sites/see-for-yourself	https://www.see-for-yourself.com/	
art-illustration	https://www.awwwards.com/sites/bleibtgleich26	https://bleibtgleich.dev/	SOTD
architecture	https://www.awwwards.com/sites/driessen-architectuur	https://driessenarchitectuur.nl/	
art-illustration	https://www.awwwards.com/sites/jacob-how-portfolio	http://jcubhow.com/	
business-corporate	https://www.awwwards.com/sites/sincro	https://sincro.es/en/us/	
culture-education	https://www.awwwards.com/sites/the-shape-of-intelligence	https://shapeofintelligence.com/	
business-corporate	https://www.awwwards.com/sites/dianelum	https://dia.pre-lanegrita.es/	
culture-education	https://www.awwwards.com/sites/calmlyss-health-wellness	http://inks.studio/	
business-corporate	https://www.awwwards.com/sites/we-are-fred	https://wearefred.co.uk/	
culture-education	https://www.awwwards.com/sites/singularity-1	https://singularity.engl.design/	
business-corporate	https://www.awwwards.com/sites/partnership-brand-management	https://www.partnershipbrand.com/	
culture-education	https://www.awwwards.com/sites/see-what-eye-see-simulator	https://www.seewhateyesee.org/	
business-corporate	https://www.awwwards.com/sites/meer-mohsin	https://www.meermohsin.me/	SOTD
culture-education	https://www.awwwards.com/sites/altamed-foundation	https://altamedfoundation.org/	
business-corporate	https://www.awwwards.com/sites/bright-avenue	https://bright-avenue.jp/	
culture-education	https://www.awwwards.com/sites/windows	https://wndws.space/	
business-corporate	https://www.awwwards.com/sites/deepbook	https://www.deepbook.tech/	
culture-education	https://www.awwwards.com/sites/vanmotion	https://www.vanmotion.es/	
business-corporate	https://www.awwwards.com/sites/byotone	https://byotone.com/	
culture-education	https://www.awwwards.com/sites/app-state-department-of-art	https://art.appstate.edu/	
design-agencies	https://www.awwwards.com/sites/avec-anni	https://avecanni.studio/	
e-commerce	https://www.awwwards.com/sites/vibe	https://vibebevvy.com/	
design-agencies	https://www.awwwards.com/sites/gravity-design	https://gravity-design.de/	
e-commerce	https://www.awwwards.com/sites/proteinbolaget	https://proteinbolaget.se/	
design-agencies	https://www.awwwards.com/sites/little-website-co-1	https://littlewebsite.co/	
e-commerce	https://www.awwwards.com/sites/unimatic	https://www.unimaticwatches.com/?srsltid=AfmBOor1S-k1GXW2WUlgmQd-YbKuDQWHeKBxyRjTFNyURmTvXoeNJXHD	
design-agencies	https://www.awwwards.com/sites/ringer-studio-noah-lesage	https://noahlesage.com/	
design-agencies	https://www.awwwards.com/sites/sibaldesign	https://sibaldesign.com/	
design-agencies	https://www.awwwards.com/sites/brandon-yasin	https://brandonyasin.com/	
design-agencies	https://www.awwwards.com/sites/tokonoma-studio	https://www.tokonoma.xyz/	
design-agencies	https://www.awwwards.com/sites/studiors	https://studiors.be/	
events	https://www.awwwards.com/sites/haunted-boulder-city	https://www.hauntedbouldercity.com/	
events	https://www.awwwards.com/sites/design-bomb-festival	https://www.designbomb.it/	
events	https://www.awwwards.com/sites/gm-studios	https://www.lesgmstudios.com/	
events	https://www.awwwards.com/sites/neonika	https://neonikala.com/	
events	https://www.awwwards.com/sites/perform-europe	https://performeurope.eu/	
events	https://www.awwwards.com/sites/offfforum	https://www.offforum.com/	
events	https://www.awwwards.com/sites/the-drool-creative-community	https://www.drool.community/	
e-commerce	https://www.awwwards.com/sites/maison-des-elites	https://mdebeauty.com/	
events	https://www.awwwards.com/sites/the-studio-by-julie-granger	https://thestudiobyjuliegranger.com/	
experimental	https://www.awwwards.com/sites/offform	https://offform.net/	
experimental	https://www.awwwards.com/sites/the-tie-break	https://thetiebreak.merci-michel.com/	SOTD
e-commerce	https://www.awwwards.com/sites/digital-darts	https://www.digitaldarts.com.au/	
experimental	https://www.awwwards.com/sites/g-colombel-portfolio-2026	https://guillaumecolombel.fr/	
experimental	https://www.awwwards.com/sites/the-ride	https://www.arunnm.com/	
experimental	https://www.awwwards.com/sites/digital-meadow-1	https://digitalmeadow.studio/	
experimental	https://www.awwwards.com/sites/alejandro-ha-web-developer	https://alejandroha.com/	
experimental	https://www.awwwards.com/sites/guillaume-zhu	https://guillaumezhu.com/	
experimental	https://www.awwwards.com/sites/silvia-malavasi-portfolio	https://www.silviamalavasi.com/	
fashion	https://www.awwwards.com/sites/la-dolfina-jumping	https://ladolfinajumping.com/	
fashion	https://www.awwwards.com/sites/maison-auge	https://maisonauge.com/	
fashion	https://www.awwwards.com/sites/an-ocean-of-ideas-aoi	https://aoiofficial.com/	
fashion	https://www.awwwards.com/sites/the-tuscan-journey-begins	https://weekend-mm-2026-pasticcino-bag-master.monogrid.io/en/	SOTD
fashion	https://www.awwwards.com/sites/remyshoots	https://www.remyshoots.co.za/	
fashion	https://www.awwwards.com/sites/cassandra-vale	https://thecassandravale.com/	
e-commerce	https://www.awwwards.com/sites/rewords-ai	https://rewordsai.app/	
fashion	https://www.awwwards.com/sites/coutumes	https://www.coutumes.com/	
e-commerce	https://www.awwwards.com/sites/emo-r-altar-ii	https://electronicmaterialsoffice.com/	
fashion	https://www.awwwards.com/sites/tilly-sveaas	https://tillysveaas.co.uk/	
e-commerce	https://www.awwwards.com/sites/spyker-cars	https://www.spykercars.com/	
film-tv	https://www.awwwards.com/sites/areyoudami-creative-portfolio	https://www.areyoudami.com/	
film-tv	https://www.awwwards.com/sites/dkton	https://dkton.at/	
film-tv	https://www.awwwards.com/sites/jealous-films	https://showcase.studiothis.co.uk/jealous	
film-tv	https://www.awwwards.com/sites/velour-productions	https://velourproductions.com/	
film-tv	https://www.awwwards.com/sites/peryton-film	https://www.peryton-film.com/	
film-tv	https://www.awwwards.com/sites/lxl-creative	https://www.lxlcreative.co.uk/	SOTD
film-tv	https://www.awwwards.com/sites/in-development-studios	https://indevelopment.studio/	
film-tv	https://www.awwwards.com/sites/disko	https://disko.media/	
food-drink	https://www.awwwards.com/sites/masia-mont-rural	https://mont-rural.emblematica.agency/	
food-drink	https://www.awwwards.com/sites/foodnia	https://foodnia.co.jp/	
games-entertainment	https://www.awwwards.com/sites/meet-your-psychic	https://tarot.meetyourpsychic.com/	
food-drink	https://www.awwwards.com/sites/palmo	https://www.palmo.co.in/	
games-entertainment	https://www.awwwards.com/sites/awards-racing	https://awards.racing/	
food-drink	https://www.awwwards.com/sites/distillati-group	https://distillatigroup.com/	
games-entertainment	https://www.awwwards.com/sites/dont-look-up-game	https://www.dontlookup.app/	
games-entertainment	https://www.awwwards.com/sites/grail	https://grail-app.com/	
games-entertainment	https://www.awwwards.com/sites/lepopee-de-steven-dieu	https://stediconsulting.fr/	
food-drink	https://www.awwwards.com/sites/qissa-a-tale-of-food	https://www.qissa.co.uk/	
games-entertainment	https://www.awwwards.com/sites/nightkidz-shop	https://www.nightkidz.shop/	
food-drink	https://www.awwwards.com/sites/soufflet-malt	https://www.souffletmalt.com/	
games-entertainment	https://www.awwwards.com/sites/short-print-promo	https://shortprintpromo.com/	
food-drink	https://www.awwwards.com/sites/bellussi	https://bellussi.com/	
games-entertainment	https://www.awwwards.com/sites/cue	https://cue-onebranding.webflow.io/	
food-drink	https://www.awwwards.com/sites/santioni-spirits	https://santionispirits.com/	HM
hotel-restaurant	https://www.awwwards.com/sites/villa-aurelia	https://hotelaurelia.online/	
institutions	https://www.awwwards.com/sites/where-next	https://kamdalej.sk/en	
hotel-restaurant	https://www.awwwards.com/sites/velaa-private-island	https://www.velaaprivateisland.com/	
hotel-restaurant	https://www.awwwards.com/sites/delice	https://delice.ca/	
hotel-restaurant	https://www.awwwards.com/sites/club-charlestown	https://clubcharlestown.com.au/	
hotel-restaurant	https://www.awwwards.com/sites/white-desert	https://white-desert.com/	SOTD
institutions	https://www.awwwards.com/sites/seasats	https://www.seasats.com/	SOTD
hotel-restaurant	https://www.awwwards.com/sites/faith-ibiza	https://faithibiza.com/	HM
institutions	https://www.awwwards.com/sites/colonia-zacamil	https://coloniazacamil.com/	HM
hotel-restaurant	https://www.awwwards.com/sites/lingers	https://www.lingers.it/en	HM
institutions	https://www.awwwards.com/sites/nodenza-dd-nyc-r	https://nodenza.com/	HM
hotel-restaurant	https://www.awwwards.com/sites/vander-hotel	https://www.vanderhotel.com/	HM
institutions	https://www.awwwards.com/sites/sharplink	https://www.sharplink.com/	SOTD
institutions	https://www.awwwards.com/sites/louisiana-governors-mansion	https://www.governorsmansion.org/	HM
luxury	https://www.awwwards.com/sites/moto-finance	https://www.moto-card.com/	SOTD
luxury	https://www.awwwards.com/sites/forge-automotive	https://forgeautomotive.co.uk/	
luxury	https://www.awwwards.com/sites/esr-bespoke	https://www.esrbespoke.au/	
luxury	https://www.awwwards.com/sites/quinta-d-amalia	https://www.quintadamalia.com/	
luxury	https://www.awwwards.com/sites/cartier-le-choeur-des-pierres	https://www.cartier.com/en-fr/lechoeurdespierres	
luxury	https://www.awwwards.com/sites/written-in-the-stars	https://katietong.studio/collections/written-in-the-stars/demo/	
luxury	https://www.awwwards.com/sites/the-explora-journal	https://explorajourneys.com/int/en/explora-journal	
luxury	https://www.awwwards.com/sites/rapide-yacht-group	https://rapideyachtgroup.com/	
magazine-newspaper-blog	https://www.awwwards.com/sites/saving-costs-improving-lives	https://www.politico.eu/sponsored-content/saving-costs-and-improving-lives/	
magazine-newspaper-blog	https://www.awwwards.com/sites/the-thread-a-personal-story	https://tej.as/story	
magazine-newspaper-blog	https://www.awwwards.com/sites/rozalia-boma-writer	https://rozaliabomawrites.com/	
magazine-newspaper-blog	https://www.awwwards.com/sites/ai-in-design-report-2026	https://stateofaidesign.com/	SOTD
magazine-newspaper-blog	https://www.awwwards.com/sites/fwa-wire	https://thefwa.net/	
magazine-newspaper-blog	https://www.awwwards.com/sites/chicago-com	https://chicago.com/	HM
magazine-newspaper-blog	https://www.awwwards.com/sites/hearst-exhibit-2026	https://www.hollywoodexhibit2026.com/	SOTD
magazine-newspaper-blog	https://www.awwwards.com/sites/www-aicreatorawards-com	https://aicreatorawards.com/	
mobile-apps	https://www.awwwards.com/sites/swsh	https://www.joinswsh.com/	
mobile-apps	https://www.awwwards.com/sites/wispr-flow	https://wisprflow.ai/	
mobile-apps	https://www.awwwards.com/sites/mike-barton-portfolio	https://www.mikes.cv/	
mobile-apps	https://www.awwwards.com/sites/ap-transit-nyc-subway-map	https://aptransit.co/	
mobile-apps	https://www.awwwards.com/sites/miralife-app	https://miralife.app/	
mobile-apps	https://www.awwwards.com/sites/charmling	https://charmling.app/	
mobile-apps	https://www.awwwards.com/sites/call-your-girlfriend	https://www.callyourgirlfriend.com/	
mobile-apps	https://www.awwwards.com/sites/pragadheeshs-showcase	https://www.spragadheeshraj.com/	HM
music-sound	https://www.awwwards.com/sites/inherited-band	https://inherited.band/	
music-sound	https://www.awwwards.com/sites/vizz	https://vizz.fm/	
music-sound	https://www.awwwards.com/sites/ascension-pegassi-r	https://ascension.pegassi.be/	
music-sound	https://www.awwwards.com/sites/matt-jinn	https://mattjinn.com/	
music-sound	https://www.awwwards.com/sites/arrested-development	https://www.arresteddevelopmentmusic.com/	
music-sound	https://www.awwwards.com/sites/brooke-beswick-portfolio	https://www.brookebeswick.com/	
music-sound	https://www.awwwards.com/sites/magicshot-ai-1	https://magicshot.ai/	
music-sound	https://www.awwwards.com/sites/the-story-of-the-king-of-pop	https://mj.kevinlagier.com/	
other	https://www.awwwards.com/sites/realevate	https://realevate.agency/	SOTD
other	https://www.awwwards.com/sites/gil-huybrecht	https://gilhuybrecht.com/	SOTD
other	https://www.awwwards.com/sites/pensatori-irrazionali	https://pensatori-irrazionali.com/	SOTD
other	https://www.awwwards.com/sites/boc-studio	https://boc.studio/	SOTD
other	https://www.awwwards.com/sites/noho	https://noho.ink/	SOTD
other	https://www.awwwards.com/sites/l-i-s-a	https://lisa.locomotive.ca/en	SOTD
other	https://www.awwwards.com/sites/aspen-search	https://www.aspensearch.com/	SOTD
other	https://www.awwwards.com/sites/leo-parpeix-portfolio-2026	https://leoparpeix.com/	SOTD
photography	https://www.awwwards.com/sites/gallery-play-r	https://gallery-play.be/	
photography	https://www.awwwards.com/sites/unbelievably-crap	https://www.unbelievablycrap.com/	
photography	https://www.awwwards.com/sites/inside-out	https://bb-b.net/	
photography	https://www.awwwards.com/sites/photiu-ai	https://www.photiu.ai/	
photography	https://www.awwwards.com/sites/ethan-w-photography	http://ethanwong.photography/	
photography	https://www.awwwards.com/sites/11-mois-sans-toi-t	https://11moissanstoit.com/	
photography	https://www.awwwards.com/sites/kavieng-creative	https://www.kaviengcreative.com/	
photography	https://www.awwwards.com/sites/tour-kyrgyzstan	https://tour-kyrgyzstan.com/	
